1,69241-001,Lorène,Paridge,techniciens
2,59614-221,Andrée,Tibbotts,techniciens
3,59667-0060,Kallisté,Wooldridge,techniciens
4,53208-502,Torbjörn,Snoxall,techniciens
5,43269-773,Amélie,Etienne,techniciens
6,55154-4377,Félicie,Le Lievre,techniciens
7,49288-0814,Régine,Tainton,techniciens
8,59779-380,Magdalène,Montague,techniciens
9,0781-5345,Hélène,Cacacie,techniciens
10,52533-001,Anaé,Hounihan,techniciens
11,49349-826,Réservés,Burghill,techniciens supérieur
12,62175-381,Gérald,Woodworth,techniciens supérieur
13,53808-0215,Mélanie,Fardy,techniciens supérieur
14,55154-8385,Maëly,Edmons,techniciens supérieur
15,0703-4182,Cinéma,Monelle,techniciens supérieur
16,43419-749,Géraldine,Sharpless,techniciens supérieur
17,0264-7605,Geneviève,Barling,techniciens supérieur
18,0185-0065,Réjane,Teodori,techniciens supérieur
19,37000-140,Réservés,Bech,techniciens supérieur
20,57894-350,Bérénice,Pinel,techniciens supérieur
21,60429-034,Laurélie,Swindles,techniciens supérieur
22,61442-103,Maïté,Truett,techniciens supérieur
23,68382-248,Anaël,Towndrow,techniciens supérieur
24,50114-6129,Océanne,Forman,techniciens supérieur
25,59746-329,Cécilia,Pitcaithley,techniciens supérieur
26,65342-1392,Cléa,Durbin,techniciens supérieur
27,54706-0001,Renée,Jarrel,techniciens supérieur
28,62011-0120,Mélanie,Cowperthwaite,techniciens supérieur
29,42291-697,Béatrice,Spridgeon,techniciens supérieur
30,21695-854,Angèle,Heavyside,techniciens supérieur
31,55312-371,Méthode,Perrycost,techniciens
32,41520-458,Kallisté,O'Cahill,techniciens
33,65044-6587,Mélanie,Talman,techniciens
34,52125-042,Amélie,Bratton,techniciens
35,0555-0323,Anaé,Jandak,techniciens
36,0228-2637,Lóng,Maughan,techniciens
37,68084-241,Dafnée,Diano,techniciens
38,60258-801,Styrbjörn,Twede,techniciens
39,49035-017,Faîtes,MacColm,techniciens
40,0078-0562,Geneviève,Breagan,techniciens
41,0603-4209,Cunégonde,Adamsen,techniciens
42,0378-8700,Marie-thérèse,Birney,techniciens
43,67046-520,Mélia,Geany,techniciens
44,17238-193,Laïla,Stiant,techniciens
45,0573-1999,Renée,Duffit,techniciens
46,47781-264,Pò,Juarez,techniciens supérieur
47,60512-6489,Åsa,Callf,techniciens supérieur
48,0002-8797,Åslög,Mackelworth,techniciens supérieur
49,37808-188,Mélissandre,Duiguid,techniciens supérieur
50,0186-0004,Mårten,Ligoe,techniciens supérieur
51,0363-0223,Loïca,Thorneloe,techniciens supérieur
52,55239-003,Naéva,O'Fihily,techniciens supérieur
53,0093-5124,Personnalisée,Kissock,techniciens supérieur
54,67938-1000,Méthode,Yeldham,techniciens supérieur
55,0268-6218,Annotés,Boydle,techniciens supérieur
56,0007-4205,Pål,Bellew,techniciens supérieur
57,55154-4774,Björn,Kliemchen,techniciens supérieur
58,50436-9055,Loïs,Waslin,techniciens supérieur
59,54868-1890,Dà,Keveren,techniciens supérieur
60,55154-5468,Thérèsa,Adney,techniciens
61,60986-1003,Rachèle,Cordero,techniciens
62,0179-0137,Néhémie,Chatwin,techniciens
63,63629-2884,Annotés,Ilbert,techniciens
64,76331-807,Eléonore,Zuann,techniciens
65,57520-0888,Zhì,Blindt,techniciens
66,59762-3110,Wá,Beinke,techniciens
67,45802-176,Maï,Delhay,techniciens
68,65044-4825,Dà,Malenoir,techniciens
69,64942-1234,Amélie,Dust,techniciens
70,68084-735,Stévina,Fleetham,techniciens
71,29300-111,Magdalène,Mallan,techniciens
72,57687-242,Léonie,Aldam,techniciens
73,67510-0663,Béatrice,Tailby,techniciens
74,55154-2373,Lóng,Fitzsimons,techniciens
75,42291-602,Wá,Howsego,techniciens
76,49999-832,Gwenaëlle,Ohrt,techniciens
77,63981-100,Nadège,McIlvaney,techniciens
78,51079-131,Mélodie,Ellor,techniciens
79,68428-158,Mén,Evanson,techniciens spécialiste
80,62789-0001,Adélaïde,Berens,techniciens spécialiste
81,66184-141,Josée,Riach,techniciens spécialiste
82,58503-055,Maëly,Boulter,techniciens spécialiste
83,0054-8179,Ophélie,Dawbury,techniciens spécialiste
84,52584-921,Céline,Lorrie,techniciens spécialiste
85,66538-501,Bérénice,Brownscombe,techniciens spécialiste
86,52605-117,Gaïa,Shewsmith,techniciens spécialiste
87,55910-988,Salomé,Conibere,techniciens spécialiste
88,51143-066,Régine,Dallicoat,techniciens spécialiste
89,17575-006,Åsa,Attiwill,techniciens spécialiste
90,55910-666,Néhémie,Chree,techniciens spécialiste
91,64809-100,Cinéma,Wasielewicz,techniciens spécialiste
92,41250-112,Dorothée,Whear,techniciens spécialiste
93,47993-200,Marie-hélène,Govern,techniciens spécialiste
94,63730-204,Frédérique,Clemenceau,techniciens spécialiste
95,0603-3339,Adèle,Cicchinelli,techniciens supérieur
96,49614-220,Börje,Element,techniciens supérieur
97,49527-002,Eléonore,Cowperthwaite,techniciens supérieur
98,58668-2151,Clémence,Loughren,techniciens supérieur
99,44087-3322,Dorothée,Lyfe,techniciens supérieur
100,50436-3986,Maéna,Gatlin,techniciens supérieur
